iter	F1	Logloss
0	0.6604445625	0.6573262558
