embeding,precision,recall,f_score,roc_auc_score
get_user_emb_mean,0.5931558935361216,0.636734693877551,0.6141732283464567,0.920723297866155
get_user_emb_median,0.6293706293706294,0.7346938775510204,0.6779661016949152,0.949517995232281
get_user_emb_max,0.6970802919708029,0.7795918367346939,0.7360308285163778,0.966898075469504
idf_articles,,,,
